{
"lattice_mat": [
[
1.595158,
-2.762894,
0.0
],
[
1.595158,
2.762894,
0.0
],
[
0.0,
0.0,
34.879004
]
],
"coords": [
[
0.666667,
0.333333,
0.106647
],
[
0.333333,
0.666667,
0.061781
],
[
0.333333,
0.666667,
0.151514
]
],
"elements": [
"Mo",
"S",
"S"
],
"abc": [
3.190313,
3.190313,
34.879
],
"angles": [
90.0,
90.0,
119.9999
],
"cartesian": false,
"props": [
"",
"",
""
]
}